{"cameraMode":{"drawMode":0,"name":"Shaded","section":"Shading Mode"},"sceneLighting":false,"audioPlay":false,"sceneViewState":{"m_AlwaysRefresh":false,"showFog":true,"showSkybox":false,"showFlares":true,"showImageEffects":true,"showParticleSystems":true,"showVisualEffectGraphs":true,"m_FxEnabled":true},"in2DMode":false,"pivot":{"x":-0.19999998807907105,"y":0.30000001192092898,"z":0.753000020980835},"rotation":{"x":-0.15085875988006593,"y":-0.6369401216506958,"z":0.1289881318807602,"w":-0.7449399828910828},"size":0.10644719749689102,"orthographic":false}